"id","source","timestamp","address.city","address.geo.lat","address.geo.lng","address.street","address.suite","address.zipcode","breed","coat","company.bs","company.catchPhrase","company.name","country","email","id","name","origin","pattern","phone","username","website"
"","catfacts-breeds","2026-03-24T09:59:39.567743800Z","","","","","","","Abyssinian","Short","","","","Ethiopia","","","","","","","",""
"","catfacts-breeds","2026-03-24T09:59:39.568731700Z","","","","","","","Aegean","Semi-long","","","","Greece","","","","","","","",""
"","catfacts-breeds","2026-03-24T09:59:39.568731700Z","","","","","","","American Curl","Short/Long","","","","United States","","","","","","","",""
"","catfacts-breeds","2026-03-24T09:59:39.568731700Z","","","","","","","American Bobtail","Short/Long","","","","United States","","","","","","","",""
"","catfacts-breeds","2026-03-24T09:59:39.568731700Z","","","","","","","American Shorthair","Short","","","","United States","","","","","","","",""
"","jsonplaceholder-users","2026-03-24T10:02:59.514601600Z","Gwenborough","-37.3159","81.1496","Kulas Light","Apt. 556","92998-3874","","","harness real-time e-markets","Multi-layered client-server neural-net","Romaguera-Crona","","Sincere@april.biz","","","","","","",""
"","jsonplaceholder-users","2026-03-24T10:02:59.514601600Z","Wisokyburgh","-43.9509","-34.4618","Victor Plains","Suite 879","90566-7771","","","synergize scalable supply-chains","Proactive didactic contingency","Deckow-Crist","","Shanna@melissa.tv","","","","","","",""
"","jsonplaceholder-users","2026-03-24T10:02:59.514601600Z","McKenziehaven","-68.6102","-47.0653","Douglas Extension","Suite 847","59590-4157","","","e-enable strategic applications","Face to face bifurcated interface","Romaguera-Jacobson","","Nathan@yesenia.net","","","","","","",""
"","jsonplaceholder-users","2026-03-24T10:02:59.514601600Z","South Elvis","29.4572","-164.299","Hoeger Mall","Apt. 692","53919-4257","","","transition cutting-edge web services","Multi-tiered zero tolerance productivity","Robel-Corkery","","Julianne.OConner@kory.org","","","","","","",""
"","jsonplaceholder-users","2026-03-24T10:02:59.514601600Z","Roscoeview","-31.8129","62.5342","Skiles Walks","Suite 351","33263","","","revolutionize end-to-end systems","User-centric fault-tolerant solution","Keebler LLC","","Lucio_Hettinger@annie.ca","","","","","","",""
"","jsonplaceholder-users","2026-03-24T10:02:59.514601600Z","South Christy","-71.4197","71.7478","Norberto Crossing","Apt. 950","23505-1337","","","e-enable innovative applications","Synchronised bottom-line interface","Considine-Lockman","","Karley_Dach@jasper.info","","","","","","",""
"","jsonplaceholder-users","2026-03-24T10:02:59.514601600Z","Howemouth","24.8918","21.8984","Rex Trail","Suite 280","58804-1099","","","generate enterprise e-tailers","Configurable multimedia task-force","Johns Group","","Telly.Hoeger@billy.biz","","","","","","",""
"","jsonplaceholder-users","2026-03-24T10:02:59.514601600Z","Aliyaview","-14.399","-120.7677","Ellsworth Summit","Suite 729","45169","","","e-enable extensible e-tailers","Implemented secondary concept","Abernathy Group","","Sherwood@rosamond.me","","","","","","",""
"","jsonplaceholder-users","2026-03-24T10:02:59.514601600Z","Bartholomebury","24.6463","-168.8889","Dayna Park","Suite 449","76495-3109","","","aggregate real-time technologies","Switchable contextually-based project","Yost and Sons","","Chaim_McDermott@dana.io","","","","","","",""
"","jsonplaceholder-users","2026-03-24T10:02:59.514601600Z","Lebsackbury","-38.2386","57.2232","Kattie Turnpike","Suite 198","31428-2261","","","target end-to-end models","Centralized empowering task-force","Hoeger LLC","","Rey.Padberg@karina.biz","","","","","","",""
"","catfacts-breeds","2026-03-24T10:02:59.658087600Z","","","","","","","Abyssinian","Short","","","","Ethiopia","","","","","","","",""
"","catfacts-breeds","2026-03-24T10:02:59.658087600Z","","","","","","","Aegean","Semi-long","","","","Greece","","","","","","","",""
"","catfacts-breeds","2026-03-24T10:02:59.658087600Z","","","","","","","American Curl","Short/Long","","","","United States","","","","","","","",""
"","catfacts-breeds","2026-03-24T10:02:59.658087600Z","","","","","","","American Bobtail","Short/Long","","","","United States","","","","","","","",""
"","catfacts-breeds","2026-03-24T10:02:59.658087600Z","","","","","","","American Shorthair","Short","","","","United States","","","","","","","",""
"","catfacts-breeds","2026-03-24T10:03:04.918072500Z","","","","","","","Abyssinian","Short","","","","Ethiopia","","","","","","","",""
"","catfacts-breeds","2026-03-24T10:03:04.918072500Z","","","","","","","Aegean","Semi-long","","","","Greece","","","","","","","",""
"","catfacts-breeds","2026-03-24T10:03:04.918072500Z","","","","","","","American Curl","Short/Long","","","","United States","","","","","","","",""
"","catfacts-breeds","2026-03-24T10:03:04.918072500Z","","","","","","","American Bobtail","Short/Long","","","","United States","","","","","","","",""
"","catfacts-breeds","2026-03-24T10:03:04.918072500Z","","","","","","","American Shorthair","Short","","","","United States","","","","","","","",""
"","catfacts-breeds","2026-03-24T10:03:10.129182700Z","","","","","","","Abyssinian","Short","","","","Ethiopia","","","","","","","",""
"","catfacts-breeds","2026-03-24T10:03:10.129182700Z","","","","","","","Aegean","Semi-long","","","","Greece","","","","","","","",""
"","catfacts-breeds","2026-03-24T10:03:10.129182700Z","","","","","","","American Curl","Short/Long","","","","United States","","","","","","","",""
"","catfacts-breeds","2026-03-24T10:03:10.129182700Z","","","","","","","American Bobtail","Short/Long","","","","United States","","","","","","","",""
"","catfacts-breeds","2026-03-24T10:03:10.129182700Z","","","","","","","American Shorthair","Short","","","","United States","","","","","","","",""
"","catfacts-breeds","2026-03-24T10:03:15.347071500Z","","","","","","","Abyssinian","Short","","","","Ethiopia","","","","","","","",""
"","catfacts-breeds","2026-03-24T10:03:15.347071500Z","","","","","","","Aegean","Semi-long","","","","Greece","","","","","","","",""
"","catfacts-breeds","2026-03-24T10:03:15.347071500Z","","","","","","","American Curl","Short/Long","","","","United States","","","","","","","",""
"","catfacts-breeds","2026-03-24T10:03:15.347071500Z","","","","","","","American Bobtail","Short/Long","","","","United States","","","","","","","",""
"","catfacts-breeds","2026-03-24T10:03:15.347071500Z","","","","","","","American Shorthair","Short","","","","United States","","","","","","","",""
"","jsonplaceholder-users","2026-03-24T10:03:19.971584900Z","Gwenborough","-37.3159","81.1496","Kulas Light","Apt. 556","92998-3874","","","harness real-time e-markets","Multi-layered client-server neural-net","Romaguera-Crona","","Sincere@april.biz","","","","","","",""
"","jsonplaceholder-users","2026-03-24T10:03:19.971584900Z","Wisokyburgh","-43.9509","-34.4618","Victor Plains","Suite 879","90566-7771","","","synergize scalable supply-chains","Proactive didactic contingency","Deckow-Crist","","Shanna@melissa.tv","","","","","","",""
"","jsonplaceholder-users","2026-03-24T10:03:19.971584900Z","McKenziehaven","-68.6102","-47.0653","Douglas Extension","Suite 847","59590-4157","","","e-enable strategic applications","Face to face bifurcated interface","Romaguera-Jacobson","","Nathan@yesenia.net","","","","","","",""
"","jsonplaceholder-users","2026-03-24T10:03:19.971584900Z","South Elvis","29.4572","-164.299","Hoeger Mall","Apt. 692","53919-4257","","","transition cutting-edge web services","Multi-tiered zero tolerance productivity","Robel-Corkery","","Julianne.OConner@kory.org","","","","","","",""
"","jsonplaceholder-users","2026-03-24T10:03:19.971584900Z","Roscoeview","-31.8129","62.5342","Skiles Walks","Suite 351","33263","","","revolutionize end-to-end systems","User-centric fault-tolerant solution","Keebler LLC","","Lucio_Hettinger@annie.ca","","","","","","",""
"","jsonplaceholder-users","2026-03-24T10:03:19.971584900Z","South Christy","-71.4197","71.7478","Norberto Crossing","Apt. 950","23505-1337","","","e-enable innovative applications","Synchronised bottom-line interface","Considine-Lockman","","Karley_Dach@jasper.info","","","","","","",""
"","jsonplaceholder-users","2026-03-24T10:03:19.971584900Z","Howemouth","24.8918","21.8984","Rex Trail","Suite 280","58804-1099","","","generate enterprise e-tailers","Configurable multimedia task-force","Johns Group","","Telly.Hoeger@billy.biz","","","","","","",""
"","jsonplaceholder-users","2026-03-24T10:03:19.971584900Z","Aliyaview","-14.399","-120.7677","Ellsworth Summit","Suite 729","45169","","","e-enable extensible e-tailers","Implemented secondary concept","Abernathy Group","","Sherwood@rosamond.me","","","","","","",""
"","jsonplaceholder-users","2026-03-24T10:03:19.972591400Z","Bartholomebury","24.6463","-168.8889","Dayna Park","Suite 449","76495-3109","","","aggregate real-time technologies","Switchable contextually-based project","Yost and Sons","","Chaim_McDermott@dana.io","","","","","","",""
"","jsonplaceholder-users","2026-03-24T10:03:19.972591400Z","Lebsackbury","-38.2386","57.2232","Kattie Turnpike","Suite 198","31428-2261","","","target end-to-end models","Centralized empowering task-force","Hoeger LLC","","Rey.Padberg@karina.biz","","","","","","",""
"","jsonplaceholder-users","2026-03-24T10:03:25.057575800Z","Gwenborough","-37.3159","81.1496","Kulas Light","Apt. 556","92998-3874","","","harness real-time e-markets","Multi-layered client-server neural-net","Romaguera-Crona","","Sincere@april.biz","","","","","","",""
"","jsonplaceholder-users","2026-03-24T10:03:25.057575800Z","Wisokyburgh","-43.9509","-34.4618","Victor Plains","Suite 879","90566-7771","","","synergize scalable supply-chains","Proactive didactic contingency","Deckow-Crist","","Shanna@melissa.tv","","","","","","",""
"","jsonplaceholder-users","2026-03-24T10:03:25.057575800Z","McKenziehaven","-68.6102","-47.0653","Douglas Extension","Suite 847","59590-4157","","","e-enable strategic applications","Face to face bifurcated interface","Romaguera-Jacobson","","Nathan@yesenia.net","","","","","","",""
"","jsonplaceholder-users","2026-03-24T10:03:25.057575800Z","South Elvis","29.4572","-164.299","Hoeger Mall","Apt. 692","53919-4257","","","transition cutting-edge web services","Multi-tiered zero tolerance productivity","Robel-Corkery","","Julianne.OConner@kory.org","","","","","","",""
"","jsonplaceholder-users","2026-03-24T10:03:25.057575800Z","Roscoeview","-31.8129","62.5342","Skiles Walks","Suite 351","33263","","","revolutionize end-to-end systems","User-centric fault-tolerant solution","Keebler LLC","","Lucio_Hettinger@annie.ca","","","","","","",""
"","jsonplaceholder-users","2026-03-24T10:03:25.057575800Z","South Christy","-71.4197","71.7478","Norberto Crossing","Apt. 950","23505-1337","","","e-enable innovative applications","Synchronised bottom-line interface","Considine-Lockman","","Karley_Dach@jasper.info","","","","","","",""
"","jsonplaceholder-users","2026-03-24T10:03:25.057575800Z","Howemouth","24.8918","21.8984","Rex Trail","Suite 280","58804-1099","","","generate enterprise e-tailers","Configurable multimedia task-force","Johns Group","","Telly.Hoeger@billy.biz","","","","","","",""
"","jsonplaceholder-users","2026-03-24T10:03:25.057575800Z","Aliyaview","-14.399","-120.7677","Ellsworth Summit","Suite 729","45169","","","e-enable extensible e-tailers","Implemented secondary concept","Abernathy Group","","Sherwood@rosamond.me","","","","","","",""
"","jsonplaceholder-users","2026-03-24T10:03:25.057575800Z","Bartholomebury","24.6463","-168.8889","Dayna Park","Suite 449","76495-3109","","","aggregate real-time technologies","Switchable contextually-based project","Yost and Sons","","Chaim_McDermott@dana.io","","","","","","",""
"","jsonplaceholder-users","2026-03-24T10:03:25.057575800Z","Lebsackbury","-38.2386","57.2232","Kattie Turnpike","Suite 198","31428-2261","","","target end-to-end models","Centralized empowering task-force","Hoeger LLC","","Rey.Padberg@karina.biz","","","","","","",""
"","jsonplaceholder-users","2026-03-24T10:03:30.155243700Z","Gwenborough","-37.3159","81.1496","Kulas Light","Apt. 556","92998-3874","","","harness real-time e-markets","Multi-layered client-server neural-net","Romaguera-Crona","","Sincere@april.biz","","","","","","",""
"","jsonplaceholder-users","2026-03-24T10:03:30.155243700Z","Wisokyburgh","-43.9509","-34.4618","Victor Plains","Suite 879","90566-7771","","","synergize scalable supply-chains","Proactive didactic contingency","Deckow-Crist","","Shanna@melissa.tv","","","","","","",""
"","jsonplaceholder-users","2026-03-24T10:03:30.155243700Z","McKenziehaven","-68.6102","-47.0653","Douglas Extension","Suite 847","59590-4157","","","e-enable strategic applications","Face to face bifurcated interface","Romaguera-Jacobson","","Nathan@yesenia.net","","","","","","",""
"","jsonplaceholder-users","2026-03-24T10:03:30.155243700Z","South Elvis","29.4572","-164.299","Hoeger Mall","Apt. 692","53919-4257","","","transition cutting-edge web services","Multi-tiered zero tolerance productivity","Robel-Corkery","","Julianne.OConner@kory.org","","","","","","",""
"","jsonplaceholder-users","2026-03-24T10:03:30.155243700Z","Roscoeview","-31.8129","62.5342","Skiles Walks","Suite 351","33263","","","revolutionize end-to-end systems","User-centric fault-tolerant solution","Keebler LLC","","Lucio_Hettinger@annie.ca","","","","","","",""
"","jsonplaceholder-users","2026-03-24T10:03:30.155243700Z","South Christy","-71.4197","71.7478","Norberto Crossing","Apt. 950","23505-1337","","","e-enable innovative applications","Synchronised bottom-line interface","Considine-Lockman","","Karley_Dach@jasper.info","","","","","","",""
"","jsonplaceholder-users","2026-03-24T10:03:30.155243700Z","Howemouth","24.8918","21.8984","Rex Trail","Suite 280","58804-1099","","","generate enterprise e-tailers","Configurable multimedia task-force","Johns Group","","Telly.Hoeger@billy.biz","","","","","","",""
"","jsonplaceholder-users","2026-03-24T10:03:30.155243700Z","Aliyaview","-14.399","-120.7677","Ellsworth Summit","Suite 729","45169","","","e-enable extensible e-tailers","Implemented secondary concept","Abernathy Group","","Sherwood@rosamond.me","","","","","","",""
"","jsonplaceholder-users","2026-03-24T10:03:30.155243700Z","Bartholomebury","24.6463","-168.8889","Dayna Park","Suite 449","76495-3109","","","aggregate real-time technologies","Switchable contextually-based project","Yost and Sons","","Chaim_McDermott@dana.io","","","","","","",""
"","jsonplaceholder-users","2026-03-24T10:03:30.155243700Z","Lebsackbury","-38.2386","57.2232","Kattie Turnpike","Suite 198","31428-2261","","","target end-to-end models","Centralized empowering task-force","Hoeger LLC","","Rey.Padberg@karina.biz","","","","","","",""
"","jsonplaceholder-users","2026-03-24T10:03:35.286344400Z","Gwenborough","-37.3159","81.1496","Kulas Light","Apt. 556","92998-3874","","","harness real-time e-markets","Multi-layered client-server neural-net","Romaguera-Crona","","Sincere@april.biz","","","","","","",""
"","jsonplaceholder-users","2026-03-24T10:03:35.286344400Z","Wisokyburgh","-43.9509","-34.4618","Victor Plains","Suite 879","90566-7771","","","synergize scalable supply-chains","Proactive didactic contingency","Deckow-Crist","","Shanna@melissa.tv","","","","","","",""
"","jsonplaceholder-users","2026-03-24T10:03:35.286344400Z","McKenziehaven","-68.6102","-47.0653","Douglas Extension","Suite 847","59590-4157","","","e-enable strategic applications","Face to face bifurcated interface","Romaguera-Jacobson","","Nathan@yesenia.net","","","","","","",""
"","jsonplaceholder-users","2026-03-24T10:03:35.286344400Z","South Elvis","29.4572","-164.299","Hoeger Mall","Apt. 692","53919-4257","","","transition cutting-edge web services","Multi-tiered zero tolerance productivity","Robel-Corkery","","Julianne.OConner@kory.org","","","","","","",""
"","jsonplaceholder-users","2026-03-24T10:03:35.286344400Z","Roscoeview","-31.8129","62.5342","Skiles Walks","Suite 351","33263","","","revolutionize end-to-end systems","User-centric fault-tolerant solution","Keebler LLC","","Lucio_Hettinger@annie.ca","","","","","","",""
"","jsonplaceholder-users","2026-03-24T10:03:35.286344400Z","South Christy","-71.4197","71.7478","Norberto Crossing","Apt. 950","23505-1337","","","e-enable innovative applications","Synchronised bottom-line interface","Considine-Lockman","","Karley_Dach@jasper.info","","","","","","",""
"","jsonplaceholder-users","2026-03-24T10:03:35.286344400Z","Howemouth","24.8918","21.8984","Rex Trail","Suite 280","58804-1099","","","generate enterprise e-tailers","Configurable multimedia task-force","Johns Group","","Telly.Hoeger@billy.biz","","","","","","",""
"","jsonplaceholder-users","2026-03-24T10:03:35.286344400Z","Aliyaview","-14.399","-120.7677","Ellsworth Summit","Suite 729","45169","","","e-enable extensible e-tailers","Implemented secondary concept","Abernathy Group","","Sherwood@rosamond.me","","","","","","",""
"","jsonplaceholder-users","2026-03-24T10:03:35.286344400Z","Bartholomebury","24.6463","-168.8889","Dayna Park","Suite 449","76495-3109","","","aggregate real-time technologies","Switchable contextually-based project","Yost and Sons","","Chaim_McDermott@dana.io","","","","","","",""
"","jsonplaceholder-users","2026-03-24T10:03:35.286344400Z","Lebsackbury","-38.2386","57.2232","Kattie Turnpike","Suite 198","31428-2261","","","target end-to-end models","Centralized empowering task-force","Hoeger LLC","","Rey.Padberg@karina.biz","","","","","","",""
"","catfacts-breeds","2026-03-24T10:03:35.918640100Z","","","","","","","Abyssinian","Short","","","","Ethiopia","","","","","","","",""
"","catfacts-breeds","2026-03-24T10:03:35.918640100Z","","","","","","","Aegean","Semi-long","","","","Greece","","","","","","","",""
"","catfacts-breeds","2026-03-24T10:03:35.918640100Z","","","","","","","American Curl","Short/Long","","","","United States","","","","","","","",""
"","catfacts-breeds","2026-03-24T10:03:35.918640100Z","","","","","","","American Bobtail","Short/Long","","","","United States","","","","","","","",""
"","catfacts-breeds","2026-03-24T10:03:35.918640100Z","","","","","","","American Shorthair","Short","","","","United States","","","","","","","",""
"","catfacts-breeds","2026-03-24T10:03:41.129896900Z","","","","","","","Abyssinian","Short","","","","Ethiopia","","","","","","","",""
"","catfacts-breeds","2026-03-24T10:03:41.129896900Z","","","","","","","Aegean","Semi-long","","","","Greece","","","","","","","",""
"","catfacts-breeds","2026-03-24T10:03:41.129896900Z","","","","","","","American Curl","Short/Long","","","","United States","","","","","","","",""
"","catfacts-breeds","2026-03-24T10:03:41.129896900Z","","","","","","","American Bobtail","Short/Long","","","","United States","","","","","","","",""
"","catfacts-breeds","2026-03-24T10:03:41.129896900Z","","","","","","","American Shorthair","Short","","","","United States","","","","","","","",""
"","catfacts-breeds","2026-03-24T10:03:42.540242400Z","","","","","","","Abyssinian","Short","","","","Ethiopia","","","","","","","",""
"","catfacts-breeds","2026-03-24T10:03:42.540242400Z","","","","","","","Aegean","Semi-long","","","","Greece","","","","","","","",""
"","catfacts-breeds","2026-03-24T10:03:42.540242400Z","","","","","","","American Curl","Short/Long","","","","United States","","","","","","","",""
"","catfacts-breeds","2026-03-24T10:03:42.540242400Z","","","","","","","American Bobtail","Short/Long","","","","United States","","","","","","","",""
"","catfacts-breeds","2026-03-24T10:03:42.540242400Z","","","","","","","American Shorthair","Short","","","","United States","","","","","","","",""
"","catfacts-breeds","2026-03-24T10:03:50.566402900Z","","","","","","","Abyssinian","Short","","","","Ethiopia","","","","","","","",""
"","catfacts-breeds","2026-03-24T10:03:50.566402900Z","","","","","","","Aegean","Semi-long","","","","Greece","","","","","","","",""
"","catfacts-breeds","2026-03-24T10:03:50.566402900Z","","","","","","","American Curl","Short/Long","","","","United States","","","","","","","",""
"","catfacts-breeds","2026-03-24T10:03:50.566402900Z","","","","","","","American Bobtail","Short/Long","","","","United States","","","","","","","",""
"","catfacts-breeds","2026-03-24T10:03:50.566402900Z","","","","","","","American Shorthair","Short","","","","United States","","","","","","","",""
"","jsonplaceholder-users","2026-03-24T10:04:02.862498500Z","Gwenborough","-37.3159","81.1496","Kulas Light","Apt. 556","92998-3874","","","harness real-time e-markets","Multi-layered client-server neural-net","Romaguera-Crona","","Sincere@april.biz","","","","","","",""
"","jsonplaceholder-users","2026-03-24T10:04:02.862498500Z","Wisokyburgh","-43.9509","-34.4618","Victor Plains","Suite 879","90566-7771","","","synergize scalable supply-chains","Proactive didactic contingency","Deckow-Crist","","Shanna@melissa.tv","","","","","","",""
"","jsonplaceholder-users","2026-03-24T10:04:02.862498500Z","McKenziehaven","-68.6102","-47.0653","Douglas Extension","Suite 847","59590-4157","","","e-enable strategic applications","Face to face bifurcated interface","Romaguera-Jacobson","","Nathan@yesenia.net","","","","","","",""
"","jsonplaceholder-users","2026-03-24T10:04:02.862498500Z","South Elvis","29.4572","-164.299","Hoeger Mall","Apt. 692","53919-4257","","","transition cutting-edge web services","Multi-tiered zero tolerance productivity","Robel-Corkery","","Julianne.OConner@kory.org","","","","","","",""
"","jsonplaceholder-users","2026-03-24T10:04:02.862498500Z","Roscoeview","-31.8129","62.5342","Skiles Walks","Suite 351","33263","","","revolutionize end-to-end systems","User-centric fault-tolerant solution","Keebler LLC","","Lucio_Hettinger@annie.ca","","","","","","",""
"","jsonplaceholder-users","2026-03-24T10:04:02.862498500Z","South Christy","-71.4197","71.7478","Norberto Crossing","Apt. 950","23505-1337","","","e-enable innovative applications","Synchronised bottom-line interface","Considine-Lockman","","Karley_Dach@jasper.info","","","","","","",""
"","jsonplaceholder-users","2026-03-24T10:04:02.862498500Z","Howemouth","24.8918","21.8984","Rex Trail","Suite 280","58804-1099","","","generate enterprise e-tailers","Configurable multimedia task-force","Johns Group","","Telly.Hoeger@billy.biz","","","","","","",""
"","jsonplaceholder-users","2026-03-24T10:04:02.862498500Z","Aliyaview","-14.399","-120.7677","Ellsworth Summit","Suite 729","45169","","","e-enable extensible e-tailers","Implemented secondary concept","Abernathy Group","","Sherwood@rosamond.me","","","","","","",""
"","jsonplaceholder-users","2026-03-24T10:04:02.862498500Z","Bartholomebury","24.6463","-168.8889","Dayna Park","Suite 449","76495-3109","","","aggregate real-time technologies","Switchable contextually-based project","Yost and Sons","","Chaim_McDermott@dana.io","","","","","","",""
"","jsonplaceholder-users","2026-03-24T10:04:02.862498500Z","Lebsackbury","-38.2386","57.2232","Kattie Turnpike","Suite 198","31428-2261","","","target end-to-end models","Centralized empowering task-force","Hoeger LLC","","Rey.Padberg@karina.biz","","","","","","",""
"","jsonplaceholder-users","2026-03-24T10:04:10.642558200Z","Gwenborough","-37.3159","81.1496","Kulas Light","Apt. 556","92998-3874","","","harness real-time e-markets","Multi-layered client-server neural-net","Romaguera-Crona","","Sincere@april.biz","","","","","","",""
"","jsonplaceholder-users","2026-03-24T10:04:10.642558200Z","Wisokyburgh","-43.9509","-34.4618","Victor Plains","Suite 879","90566-7771","","","synergize scalable supply-chains","Proactive didactic contingency","Deckow-Crist","","Shanna@melissa.tv","","","","","","",""
"","jsonplaceholder-users","2026-03-24T10:04:10.642558200Z","McKenziehaven","-68.6102","-47.0653","Douglas Extension","Suite 847","59590-4157","","","e-enable strategic applications","Face to face bifurcated interface","Romaguera-Jacobson","","Nathan@yesenia.net","","","","","","",""
"","jsonplaceholder-users","2026-03-24T10:04:10.642558200Z","South Elvis","29.4572","-164.299","Hoeger Mall","Apt. 692","53919-4257","","","transition cutting-edge web services","Multi-tiered zero tolerance productivity","Robel-Corkery","","Julianne.OConner@kory.org","","","","","","",""
"","jsonplaceholder-users","2026-03-24T10:04:10.642558200Z","Roscoeview","-31.8129","62.5342","Skiles Walks","Suite 351","33263","","","revolutionize end-to-end systems","User-centric fault-tolerant solution","Keebler LLC","","Lucio_Hettinger@annie.ca","","","","","","",""
"","jsonplaceholder-users","2026-03-24T10:04:10.642558200Z","South Christy","-71.4197","71.7478","Norberto Crossing","Apt. 950","23505-1337","","","e-enable innovative applications","Synchronised bottom-line interface","Considine-Lockman","","Karley_Dach@jasper.info","","","","","","",""
"","jsonplaceholder-users","2026-03-24T10:04:10.642558200Z","Howemouth","24.8918","21.8984","Rex Trail","Suite 280","58804-1099","","","generate enterprise e-tailers","Configurable multimedia task-force","Johns Group","","Telly.Hoeger@billy.biz","","","","","","",""
"","jsonplaceholder-users","2026-03-24T10:04:10.642558200Z","Aliyaview","-14.399","-120.7677","Ellsworth Summit","Suite 729","45169","","","e-enable extensible e-tailers","Implemented secondary concept","Abernathy Group","","Sherwood@rosamond.me","","","","","","",""
"","jsonplaceholder-users","2026-03-24T10:04:10.642558200Z","Bartholomebury","24.6463","-168.8889","Dayna Park","Suite 449","76495-3109","","","aggregate real-time technologies","Switchable contextually-based project","Yost and Sons","","Chaim_McDermott@dana.io","","","","","","",""
"","jsonplaceholder-users","2026-03-24T10:04:10.642558200Z","Lebsackbury","-38.2386","57.2232","Kattie Turnpike","Suite 198","31428-2261","","","target end-to-end models","Centralized empowering task-force","Hoeger LLC","","Rey.Padberg@karina.biz","","","","","","",""
"","jsonplaceholder-users","2026-03-24T10:04:10.700954500Z","Gwenborough","-37.3159","81.1496","Kulas Light","Apt. 556","92998-3874","","","harness real-time e-markets","Multi-layered client-server neural-net","Romaguera-Crona","","Sincere@april.biz","","","","","","",""
"","jsonplaceholder-users","2026-03-24T10:04:10.700954500Z","Wisokyburgh","-43.9509","-34.4618","Victor Plains","Suite 879","90566-7771","","","synergize scalable supply-chains","Proactive didactic contingency","Deckow-Crist","","Shanna@melissa.tv","","","","","","",""
"","jsonplaceholder-users","2026-03-24T10:04:10.700954500Z","McKenziehaven","-68.6102","-47.0653","Douglas Extension","Suite 847","59590-4157","","","e-enable strategic applications","Face to face bifurcated interface","Romaguera-Jacobson","","Nathan@yesenia.net","","","","","","",""
"","jsonplaceholder-users","2026-03-24T10:04:10.700954500Z","South Elvis","29.4572","-164.299","Hoeger Mall","Apt. 692","53919-4257","","","transition cutting-edge web services","Multi-tiered zero tolerance productivity","Robel-Corkery","","Julianne.OConner@kory.org","","","","","","",""
"","jsonplaceholder-users","2026-03-24T10:04:10.700954500Z","Roscoeview","-31.8129","62.5342","Skiles Walks","Suite 351","33263","","","revolutionize end-to-end systems","User-centric fault-tolerant solution","Keebler LLC","","Lucio_Hettinger@annie.ca","","","","","","",""
"","jsonplaceholder-users","2026-03-24T10:04:10.700954500Z","South Christy","-71.4197","71.7478","Norberto Crossing","Apt. 950","23505-1337","","","e-enable innovative applications","Synchronised bottom-line interface","Considine-Lockman","","Karley_Dach@jasper.info","","","","","","",""
"","jsonplaceholder-users","2026-03-24T10:04:10.700954500Z","Howemouth","24.8918","21.8984","Rex Trail","Suite 280","58804-1099","","","generate enterprise e-tailers","Configurable multimedia task-force","Johns Group","","Telly.Hoeger@billy.biz","","","","","","",""
"","jsonplaceholder-users","2026-03-24T10:04:10.700954500Z","Aliyaview","-14.399","-120.7677","Ellsworth Summit","Suite 729","45169","","","e-enable extensible e-tailers","Implemented secondary concept","Abernathy Group","","Sherwood@rosamond.me","","","","","","",""
"","jsonplaceholder-users","2026-03-24T10:04:10.700954500Z","Bartholomebury","24.6463","-168.8889","Dayna Park","Suite 449","76495-3109","","","aggregate real-time technologies","Switchable contextually-based project","Yost and Sons","","Chaim_McDermott@dana.io","","","","","","",""
"","jsonplaceholder-users","2026-03-24T10:04:10.700954500Z","Lebsackbury","-38.2386","57.2232","Kattie Turnpike","Suite 198","31428-2261","","","target end-to-end models","Centralized empowering task-force","Hoeger LLC","","Rey.Padberg@karina.biz","","","","","","",""
"","catfacts-breeds","2026-03-24T10:04:11.183819400Z","","","","","","","Abyssinian","Short","","","","Ethiopia","","","","","","","",""
"","catfacts-breeds","2026-03-24T10:04:11.183819400Z","","","","","","","Aegean","Semi-long","","","","Greece","","","","","","","",""
"","catfacts-breeds","2026-03-24T10:04:11.183819400Z","","","","","","","American Curl","Short/Long","","","","United States","","","","","","","",""
"","catfacts-breeds","2026-03-24T10:04:11.183819400Z","","","","","","","American Bobtail","Short/Long","","","","United States","","","","","","","",""
"","catfacts-breeds","2026-03-24T10:04:11.183819400Z","","","","","","","American Shorthair","Short","","","","United States","","","","","","","",""
"","jsonplaceholder-users","2026-03-24T10:04:11.258556100Z","Gwenborough","-37.3159","81.1496","Kulas Light","Apt. 556","92998-3874","","","harness real-time e-markets","Multi-layered client-server neural-net","Romaguera-Crona","","Sincere@april.biz","","","","","","",""
"","jsonplaceholder-users","2026-03-24T10:04:11.258556100Z","Wisokyburgh","-43.9509","-34.4618","Victor Plains","Suite 879","90566-7771","","","synergize scalable supply-chains","Proactive didactic contingency","Deckow-Crist","","Shanna@melissa.tv","","","","","","",""
"","jsonplaceholder-users","2026-03-24T10:04:11.258556100Z","McKenziehaven","-68.6102","-47.0653","Douglas Extension","Suite 847","59590-4157","","","e-enable strategic applications","Face to face bifurcated interface","Romaguera-Jacobson","","Nathan@yesenia.net","","","","","","",""
"","jsonplaceholder-users","2026-03-24T10:04:11.258556100Z","South Elvis","29.4572","-164.299","Hoeger Mall","Apt. 692","53919-4257","","","transition cutting-edge web services","Multi-tiered zero tolerance productivity","Robel-Corkery","","Julianne.OConner@kory.org","","","","","","",""
"","jsonplaceholder-users","2026-03-24T10:04:11.258556100Z","Roscoeview","-31.8129","62.5342","Skiles Walks","Suite 351","33263","","","revolutionize end-to-end systems","User-centric fault-tolerant solution","Keebler LLC","","Lucio_Hettinger@annie.ca","","","","","","",""
"","jsonplaceholder-users","2026-03-24T10:04:11.258556100Z","South Christy","-71.4197","71.7478","Norberto Crossing","Apt. 950","23505-1337","","","e-enable innovative applications","Synchronised bottom-line interface","Considine-Lockman","","Karley_Dach@jasper.info","","","","","","",""
"","jsonplaceholder-users","2026-03-24T10:04:11.258556100Z","Howemouth","24.8918","21.8984","Rex Trail","Suite 280","58804-1099","","","generate enterprise e-tailers","Configurable multimedia task-force","Johns Group","","Telly.Hoeger@billy.biz","","","","","","",""
"","jsonplaceholder-users","2026-03-24T10:04:11.258556100Z","Aliyaview","-14.399","-120.7677","Ellsworth Summit","Suite 729","45169","","","e-enable extensible e-tailers","Implemented secondary concept","Abernathy Group","","Sherwood@rosamond.me","","","","","","",""
"","jsonplaceholder-users","2026-03-24T10:04:11.258556100Z","Bartholomebury","24.6463","-168.8889","Dayna Park","Suite 449","76495-3109","","","aggregate real-time technologies","Switchable contextually-based project","Yost and Sons","","Chaim_McDermott@dana.io","","","","","","",""
"","jsonplaceholder-users","2026-03-24T10:04:11.258556100Z","Lebsackbury","-38.2386","57.2232","Kattie Turnpike","Suite 198","31428-2261","","","target end-to-end models","Centralized empowering task-force","Hoeger LLC","","Rey.Padberg@karina.biz","","","","","","",""
"","jsonplaceholder-users","2026-03-24T10:04:15.741870900Z","Gwenborough","-37.3159","81.1496","Kulas Light","Apt. 556","92998-3874","","","harness real-time e-markets","Multi-layered client-server neural-net","Romaguera-Crona","","Sincere@april.biz","","","","","","",""
"","jsonplaceholder-users","2026-03-24T10:04:15.741870900Z","Wisokyburgh","-43.9509","-34.4618","Victor Plains","Suite 879","90566-7771","","","synergize scalable supply-chains","Proactive didactic contingency","Deckow-Crist","","Shanna@melissa.tv","","","","","","",""
"","jsonplaceholder-users","2026-03-24T10:04:15.741870900Z","McKenziehaven","-68.6102","-47.0653","Douglas Extension","Suite 847","59590-4157","","","e-enable strategic applications","Face to face bifurcated interface","Romaguera-Jacobson","","Nathan@yesenia.net","","","","","","",""
"","jsonplaceholder-users","2026-03-24T10:04:15.741870900Z","South Elvis","29.4572","-164.299","Hoeger Mall","Apt. 692","53919-4257","","","transition cutting-edge web services","Multi-tiered zero tolerance productivity","Robel-Corkery","","Julianne.OConner@kory.org","","","","","","",""
"","jsonplaceholder-users","2026-03-24T10:04:15.741870900Z","Roscoeview","-31.8129","62.5342","Skiles Walks","Suite 351","33263","","","revolutionize end-to-end systems","User-centric fault-tolerant solution","Keebler LLC","","Lucio_Hettinger@annie.ca","","","","","","",""
"","jsonplaceholder-users","2026-03-24T10:04:15.741870900Z","South Christy","-71.4197","71.7478","Norberto Crossing","Apt. 950","23505-1337","","","e-enable innovative applications","Synchronised bottom-line interface","Considine-Lockman","","Karley_Dach@jasper.info","","","","","","",""
"","jsonplaceholder-users","2026-03-24T10:04:15.741870900Z","Howemouth","24.8918","21.8984","Rex Trail","Suite 280","58804-1099","","","generate enterprise e-tailers","Configurable multimedia task-force","Johns Group","","Telly.Hoeger@billy.biz","","","","","","",""
"","jsonplaceholder-users","2026-03-24T10:04:15.741870900Z","Aliyaview","-14.399","-120.7677","Ellsworth Summit","Suite 729","45169","","","e-enable extensible e-tailers","Implemented secondary concept","Abernathy Group","","Sherwood@rosamond.me","","","","","","",""
"","jsonplaceholder-users","2026-03-24T10:04:15.741870900Z","Bartholomebury","24.6463","-168.8889","Dayna Park","Suite 449","76495-3109","","","aggregate real-time technologies","Switchable contextually-based project","Yost and Sons","","Chaim_McDermott@dana.io","","","","","","",""
"","jsonplaceholder-users","2026-03-24T10:04:15.741870900Z","Lebsackbury","-38.2386","57.2232","Kattie Turnpike","Suite 198","31428-2261","","","target end-to-end models","Centralized empowering task-force","Hoeger LLC","","Rey.Padberg@karina.biz","","","","","","",""
"","catfacts-breeds","2026-03-24T10:04:15.770860300Z","","","","","","","Abyssinian","Short","","","","Ethiopia","","","","","","","",""
"","catfacts-breeds","2026-03-24T10:04:15.770860300Z","","","","","","","Aegean","Semi-long","","","","Greece","","","","","","","",""
"","catfacts-breeds","2026-03-24T10:04:15.770860300Z","","","","","","","American Curl","Short/Long","","","","United States","","","","","","","",""
"","catfacts-breeds","2026-03-24T10:04:15.770860300Z","","","","","","","American Bobtail","Short/Long","","","","United States","","","","","","","",""
"","catfacts-breeds","2026-03-24T10:04:15.770860300Z","","","","","","","American Shorthair","Short","","","","United States","","","","","","","",""
"","catfacts-breeds","2026-03-24T10:04:16.406559600Z","","","","","","","Abyssinian","Short","","","","Ethiopia","","","","","","","",""
"","catfacts-breeds","2026-03-24T10:04:16.406559600Z","","","","","","","Aegean","Semi-long","","","","Greece","","","","","","","",""
"","catfacts-breeds","2026-03-24T10:04:16.406559600Z","","","","","","","American Curl","Short/Long","","","","United States","","","","","","","",""
"","catfacts-breeds","2026-03-24T10:04:16.406559600Z","","","","","","","American Bobtail","Short/Long","","","","United States","","","","","","","",""
"","catfacts-breeds","2026-03-24T10:04:16.406559600Z","","","","","","","American Shorthair","Short","","","","United States","","","","","","","",""
"","catfacts-breeds","2026-03-24T10:04:25.938376900Z","","","","","","","Abyssinian","Short","","","","Ethiopia","","","","","","","",""
"","catfacts-breeds","2026-03-24T10:04:25.938376900Z","","","","","","","Aegean","Semi-long","","","","Greece","","","","","","","",""
"","catfacts-breeds","2026-03-24T10:04:25.938376900Z","","","","","","","American Curl","Short/Long","","","","United States","","","","","","","",""
"","catfacts-breeds","2026-03-24T10:04:25.938376900Z","","","","","","","American Bobtail","Short/Long","","","","United States","","","","","","","",""
"","catfacts-breeds","2026-03-24T10:04:25.938376900Z","","","","","","","American Shorthair","Short","","","","United States","","","","","","","",""
"","jsonplaceholder-users","2026-03-24T10:04:36.429484400Z","Gwenborough","-37.3159","81.1496","Kulas Light","Apt. 556","92998-3874","","","harness real-time e-markets","Multi-layered client-server neural-net","Romaguera-Crona","","Sincere@april.biz","","","","","","",""
"","jsonplaceholder-users","2026-03-24T10:04:36.429484400Z","Wisokyburgh","-43.9509","-34.4618","Victor Plains","Suite 879","90566-7771","","","synergize scalable supply-chains","Proactive didactic contingency","Deckow-Crist","","Shanna@melissa.tv","","","","","","",""
"","jsonplaceholder-users","2026-03-24T10:04:36.429484400Z","McKenziehaven","-68.6102","-47.0653","Douglas Extension","Suite 847","59590-4157","","","e-enable strategic applications","Face to face bifurcated interface","Romaguera-Jacobson","","Nathan@yesenia.net","","","","","","",""
"","jsonplaceholder-users","2026-03-24T10:04:36.429484400Z","South Elvis","29.4572","-164.299","Hoeger Mall","Apt. 692","53919-4257","","","transition cutting-edge web services","Multi-tiered zero tolerance productivity","Robel-Corkery","","Julianne.OConner@kory.org","","","","","","",""
"","jsonplaceholder-users","2026-03-24T10:04:36.429484400Z","Roscoeview","-31.8129","62.5342","Skiles Walks","Suite 351","33263","","","revolutionize end-to-end systems","User-centric fault-tolerant solution","Keebler LLC","","Lucio_Hettinger@annie.ca","","","","","","",""
"","jsonplaceholder-users","2026-03-24T10:04:36.429484400Z","South Christy","-71.4197","71.7478","Norberto Crossing","Apt. 950","23505-1337","","","e-enable innovative applications","Synchronised bottom-line interface","Considine-Lockman","","Karley_Dach@jasper.info","","","","","","",""
"","jsonplaceholder-users","2026-03-24T10:04:36.429484400Z","Howemouth","24.8918","21.8984","Rex Trail","Suite 280","58804-1099","","","generate enterprise e-tailers","Configurable multimedia task-force","Johns Group","","Telly.Hoeger@billy.biz","","","","","","",""
"","jsonplaceholder-users","2026-03-24T10:04:36.429484400Z","Aliyaview","-14.399","-120.7677","Ellsworth Summit","Suite 729","45169","","","e-enable extensible e-tailers","Implemented secondary concept","Abernathy Group","","Sherwood@rosamond.me","","","","","","",""
"","jsonplaceholder-users","2026-03-24T10:04:36.429484400Z","Bartholomebury","24.6463","-168.8889","Dayna Park","Suite 449","76495-3109","","","aggregate real-time technologies","Switchable contextually-based project","Yost and Sons","","Chaim_McDermott@dana.io","","","","","","",""
"","jsonplaceholder-users","2026-03-24T10:04:36.429484400Z","Lebsackbury","-38.2386","57.2232","Kattie Turnpike","Suite 198","31428-2261","","","target end-to-end models","Centralized empowering task-force","Hoeger LLC","","Rey.Padberg@karina.biz","","","","","","",""
"","jsonplaceholder-users","2026-03-24T10:04:37.034248400Z","Gwenborough","-37.3159","81.1496","Kulas Light","Apt. 556","92998-3874","","","harness real-time e-markets","Multi-layered client-server neural-net","Romaguera-Crona","","Sincere@april.biz","","","","","","",""
"","jsonplaceholder-users","2026-03-24T10:04:37.034248400Z","Wisokyburgh","-43.9509","-34.4618","Victor Plains","Suite 879","90566-7771","","","synergize scalable supply-chains","Proactive didactic contingency","Deckow-Crist","","Shanna@melissa.tv","","","","","","",""
"","jsonplaceholder-users","2026-03-24T10:04:37.034248400Z","McKenziehaven","-68.6102","-47.0653","Douglas Extension","Suite 847","59590-4157","","","e-enable strategic applications","Face to face bifurcated interface","Romaguera-Jacobson","","Nathan@yesenia.net","","","","","","",""
"","jsonplaceholder-users","2026-03-24T10:04:37.034248400Z","South Elvis","29.4572","-164.299","Hoeger Mall","Apt. 692","53919-4257","","","transition cutting-edge web services","Multi-tiered zero tolerance productivity","Robel-Corkery","","Julianne.OConner@kory.org","","","","","","",""
"","jsonplaceholder-users","2026-03-24T10:04:37.034248400Z","Roscoeview","-31.8129","62.5342","Skiles Walks","Suite 351","33263","","","revolutionize end-to-end systems","User-centric fault-tolerant solution","Keebler LLC","","Lucio_Hettinger@annie.ca","","","","","","",""
"","jsonplaceholder-users","2026-03-24T10:04:37.034248400Z","South Christy","-71.4197","71.7478","Norberto Crossing","Apt. 950","23505-1337","","","e-enable innovative applications","Synchronised bottom-line interface","Considine-Lockman","","Karley_Dach@jasper.info","","","","","","",""
"","jsonplaceholder-users","2026-03-24T10:04:37.034248400Z","Howemouth","24.8918","21.8984","Rex Trail","Suite 280","58804-1099","","","generate enterprise e-tailers","Configurable multimedia task-force","Johns Group","","Telly.Hoeger@billy.biz","","","","","","",""
"","jsonplaceholder-users","2026-03-24T10:04:37.034248400Z","Aliyaview","-14.399","-120.7677","Ellsworth Summit","Suite 729","45169","","","e-enable extensible e-tailers","Implemented secondary concept","Abernathy Group","","Sherwood@rosamond.me","","","","","","",""
"","jsonplaceholder-users","2026-03-24T10:04:37.034248400Z","Bartholomebury","24.6463","-168.8889","Dayna Park","Suite 449","76495-3109","","","aggregate real-time technologies","Switchable contextually-based project","Yost and Sons","","Chaim_McDermott@dana.io","","","","","","",""
"","jsonplaceholder-users","2026-03-24T10:04:37.034248400Z","Lebsackbury","-38.2386","57.2232","Kattie Turnpike","Suite 198","31428-2261","","","target end-to-end models","Centralized empowering task-force","Hoeger LLC","","Rey.Padberg@karina.biz","","","","","","",""
"","jsonplaceholder-users","2026-03-24T10:04:46.508855900Z","Gwenborough","-37.3159","81.1496","Kulas Light","Apt. 556","92998-3874","","","harness real-time e-markets","Multi-layered client-server neural-net","Romaguera-Crona","","Sincere@april.biz","","","","","","",""
"","jsonplaceholder-users","2026-03-24T10:04:46.508855900Z","Wisokyburgh","-43.9509","-34.4618","Victor Plains","Suite 879","90566-7771","","","synergize scalable supply-chains","Proactive didactic contingency","Deckow-Crist","","Shanna@melissa.tv","","","","","","",""
"","jsonplaceholder-users","2026-03-24T10:04:46.508855900Z","McKenziehaven","-68.6102","-47.0653","Douglas Extension","Suite 847","59590-4157","","","e-enable strategic applications","Face to face bifurcated interface","Romaguera-Jacobson","","Nathan@yesenia.net","","","","","","",""
"","jsonplaceholder-users","2026-03-24T10:04:46.508855900Z","South Elvis","29.4572","-164.299","Hoeger Mall","Apt. 692","53919-4257","","","transition cutting-edge web services","Multi-tiered zero tolerance productivity","Robel-Corkery","","Julianne.OConner@kory.org","","","","","","",""
"","jsonplaceholder-users","2026-03-24T10:04:46.508855900Z","Roscoeview","-31.8129","62.5342","Skiles Walks","Suite 351","33263","","","revolutionize end-to-end systems","User-centric fault-tolerant solution","Keebler LLC","","Lucio_Hettinger@annie.ca","","","","","","",""
"","jsonplaceholder-users","2026-03-24T10:04:46.508855900Z","South Christy","-71.4197","71.7478","Norberto Crossing","Apt. 950","23505-1337","","","e-enable innovative applications","Synchronised bottom-line interface","Considine-Lockman","","Karley_Dach@jasper.info","","","","","","",""
"","jsonplaceholder-users","2026-03-24T10:04:46.508855900Z","Howemouth","24.8918","21.8984","Rex Trail","Suite 280","58804-1099","","","generate enterprise e-tailers","Configurable multimedia task-force","Johns Group","","Telly.Hoeger@billy.biz","","","","","","",""
"","jsonplaceholder-users","2026-03-24T10:04:46.508855900Z","Aliyaview","-14.399","-120.7677","Ellsworth Summit","Suite 729","45169","","","e-enable extensible e-tailers","Implemented secondary concept","Abernathy Group","","Sherwood@rosamond.me","","","","","","",""
"","jsonplaceholder-users","2026-03-24T10:04:46.508855900Z","Bartholomebury","24.6463","-168.8889","Dayna Park","Suite 449","76495-3109","","","aggregate real-time technologies","Switchable contextually-based project","Yost and Sons","","Chaim_McDermott@dana.io","","","","","","",""
"","jsonplaceholder-users","2026-03-24T10:04:46.508855900Z","Lebsackbury","-38.2386","57.2232","Kattie Turnpike","Suite 198","31428-2261","","","target end-to-end models","Centralized empowering task-force","Hoeger LLC","","Rey.Padberg@karina.biz","","","","","","",""
"","jsonplaceholder-users","2026-03-24T10:04:46.597542700Z","Gwenborough","-37.3159","81.1496","Kulas Light","Apt. 556","92998-3874","","","harness real-time e-markets","Multi-layered client-server neural-net","Romaguera-Crona","","Sincere@april.biz","","","","","","",""
"","jsonplaceholder-users","2026-03-24T10:04:46.597542700Z","Wisokyburgh","-43.9509","-34.4618","Victor Plains","Suite 879","90566-7771","","","synergize scalable supply-chains","Proactive didactic contingency","Deckow-Crist","","Shanna@melissa.tv","","","","","","",""
"","jsonplaceholder-users","2026-03-24T10:04:46.597542700Z","McKenziehaven","-68.6102","-47.0653","Douglas Extension","Suite 847","59590-4157","","","e-enable strategic applications","Face to face bifurcated interface","Romaguera-Jacobson","","Nathan@yesenia.net","","","","","","",""
"","jsonplaceholder-users","2026-03-24T10:04:46.597542700Z","South Elvis","29.4572","-164.299","Hoeger Mall","Apt. 692","53919-4257","","","transition cutting-edge web services","Multi-tiered zero tolerance productivity","Robel-Corkery","","Julianne.OConner@kory.org","","","","","","",""
"","jsonplaceholder-users","2026-03-24T10:04:46.597542700Z","Roscoeview","-31.8129","62.5342","Skiles Walks","Suite 351","33263","","","revolutionize end-to-end systems","User-centric fault-tolerant solution","Keebler LLC","","Lucio_Hettinger@annie.ca","","","","","","",""
"","jsonplaceholder-users","2026-03-24T10:04:46.597542700Z","South Christy","-71.4197","71.7478","Norberto Crossing","Apt. 950","23505-1337","","","e-enable innovative applications","Synchronised bottom-line interface","Considine-Lockman","","Karley_Dach@jasper.info","","","","","","",""
"","jsonplaceholder-users","2026-03-24T10:04:46.597542700Z","Howemouth","24.8918","21.8984","Rex Trail","Suite 280","58804-1099","","","generate enterprise e-tailers","Configurable multimedia task-force","Johns Group","","Telly.Hoeger@billy.biz","","","","","","",""
"","jsonplaceholder-users","2026-03-24T10:04:46.597542700Z","Aliyaview","-14.399","-120.7677","Ellsworth Summit","Suite 729","45169","","","e-enable extensible e-tailers","Implemented secondary concept","Abernathy Group","","Sherwood@rosamond.me","","","","","","",""
"","jsonplaceholder-users","2026-03-24T10:04:46.597542700Z","Bartholomebury","24.6463","-168.8889","Dayna Park","Suite 449","76495-3109","","","aggregate real-time technologies","Switchable contextually-based project","Yost and Sons","","Chaim_McDermott@dana.io","","","","","","",""
"","jsonplaceholder-users","2026-03-24T10:04:46.597542700Z","Lebsackbury","-38.2386","57.2232","Kattie Turnpike","Suite 198","31428-2261","","","target end-to-end models","Centralized empowering task-force","Hoeger LLC","","Rey.Padberg@karina.biz","","","","","","",""
"","catfacts-breeds","2026-03-24T10:04:47.310155200Z","","","","","","","Abyssinian","Short","","","","Ethiopia","","","","","","","",""
"","catfacts-breeds","2026-03-24T10:04:47.310155200Z","","","","","","","Aegean","Semi-long","","","","Greece","","","","","","","",""
"","catfacts-breeds","2026-03-24T10:04:47.310155200Z","","","","","","","American Curl","Short/Long","","","","United States","","","","","","","",""
"","catfacts-breeds","2026-03-24T10:04:47.310155200Z","","","","","","","American Bobtail","Short/Long","","","","United States","","","","","","","",""
"","catfacts-breeds","2026-03-24T10:04:47.310155200Z","","","","","","","American Shorthair","Short","","","","United States","","","","","","","",""
"","catfacts-breeds","2026-03-24T10:04:51.827352700Z","","","","","","","Abyssinian","Short","","","","Ethiopia","","","","","","","",""
"","catfacts-breeds","2026-03-24T10:04:51.827352700Z","","","","","","","Aegean","Semi-long","","","","Greece","","","","","","","",""
"","catfacts-breeds","2026-03-24T10:04:51.827352700Z","","","","","","","American Curl","Short/Long","","","","United States","","","","","","","",""
"","catfacts-breeds","2026-03-24T10:04:51.827352700Z","","","","","","","American Bobtail","Short/Long","","","","United States","","","","","","","",""
"","catfacts-breeds","2026-03-24T10:04:51.827352700Z","","","","","","","American Shorthair","Short","","","","United States","","","","","","","",""
"","catfacts-breeds","2026-03-24T10:05:02.153802300Z","","","","","","","Abyssinian","Short","","","","Ethiopia","","","","","","","",""
"","catfacts-breeds","2026-03-24T10:05:02.153802300Z","","","","","","","Aegean","Semi-long","","","","Greece","","","","","","","",""
"","catfacts-breeds","2026-03-24T10:05:02.153802300Z","","","","","","","American Curl","Short/Long","","","","United States","","","","","","","",""
"","catfacts-breeds","2026-03-24T10:05:02.153802300Z","","","","","","","American Bobtail","Short/Long","","","","United States","","","","","","","",""
"","catfacts-breeds","2026-03-24T10:05:02.153802300Z","","","","","","","American Shorthair","Short","","","","United States","","","","","","","",""
"","catfacts-breeds","2026-03-24T10:05:02.469842100Z","","","","","","","Abyssinian","Short","","","","Ethiopia","","","","","","","",""
"","catfacts-breeds","2026-03-24T10:05:02.469842100Z","","","","","","","Aegean","Semi-long","","","","Greece","","","","","","","",""
"","catfacts-breeds","2026-03-24T10:05:02.469842100Z","","","","","","","American Curl","Short/Long","","","","United States","","","","","","","",""
"","catfacts-breeds","2026-03-24T10:05:02.469842100Z","","","","","","","American Bobtail","Short/Long","","","","United States","","","","","","","",""
"","catfacts-breeds","2026-03-24T10:05:02.469842100Z","","","","","","","American Shorthair","Short","","","","United States","","","","","","","",""
"","jsonplaceholder-users","2026-03-24T10:05:07.436475800Z","Gwenborough","-37.3159","81.1496","Kulas Light","Apt. 556","92998-3874","","","harness real-time e-markets","Multi-layered client-server neural-net","Romaguera-Crona","","Sincere@april.biz","","","","","","",""
"","jsonplaceholder-users","2026-03-24T10:05:07.436475800Z","Wisokyburgh","-43.9509","-34.4618","Victor Plains","Suite 879","90566-7771","","","synergize scalable supply-chains","Proactive didactic contingency","Deckow-Crist","","Shanna@melissa.tv","","","","","","",""
"","jsonplaceholder-users","2026-03-24T10:05:07.436475800Z","McKenziehaven","-68.6102","-47.0653","Douglas Extension","Suite 847","59590-4157","","","e-enable strategic applications","Face to face bifurcated interface","Romaguera-Jacobson","","Nathan@yesenia.net","","","","","","",""
"","jsonplaceholder-users","2026-03-24T10:05:07.436475800Z","South Elvis","29.4572","-164.299","Hoeger Mall","Apt. 692","53919-4257","","","transition cutting-edge web services","Multi-tiered zero tolerance productivity","Robel-Corkery","","Julianne.OConner@kory.org","","","","","","",""
"","jsonplaceholder-users","2026-03-24T10:05:07.436475800Z","Roscoeview","-31.8129","62.5342","Skiles Walks","Suite 351","33263","","","revolutionize end-to-end systems","User-centric fault-tolerant solution","Keebler LLC","","Lucio_Hettinger@annie.ca","","","","","","",""
"","jsonplaceholder-users","2026-03-24T10:05:07.436475800Z","South Christy","-71.4197","71.7478","Norberto Crossing","Apt. 950","23505-1337","","","e-enable innovative applications","Synchronised bottom-line interface","Considine-Lockman","","Karley_Dach@jasper.info","","","","","","",""
"","jsonplaceholder-users","2026-03-24T10:05:07.436475800Z","Howemouth","24.8918","21.8984","Rex Trail","Suite 280","58804-1099","","","generate enterprise e-tailers","Configurable multimedia task-force","Johns Group","","Telly.Hoeger@billy.biz","","","","","","",""
"","jsonplaceholder-users","2026-03-24T10:05:07.436475800Z","Aliyaview","-14.399","-120.7677","Ellsworth Summit","Suite 729","45169","","","e-enable extensible e-tailers","Implemented secondary concept","Abernathy Group","","Sherwood@rosamond.me","","","","","","",""
"","jsonplaceholder-users","2026-03-24T10:05:07.436475800Z","Bartholomebury","24.6463","-168.8889","Dayna Park","Suite 449","76495-3109","","","aggregate real-time technologies","Switchable contextually-based project","Yost and Sons","","Chaim_McDermott@dana.io","","","","","","",""
"","jsonplaceholder-users","2026-03-24T10:05:07.436475800Z","Lebsackbury","-38.2386","57.2232","Kattie Turnpike","Suite 198","31428-2261","","","target end-to-end models","Centralized empowering task-force","Hoeger LLC","","Rey.Padberg@karina.biz","","","","","","",""
"","jsonplaceholder-users","2026-03-24T10:05:07.580487500Z","Gwenborough","-37.3159","81.1496","Kulas Light","Apt. 556","92998-3874","","","harness real-time e-markets","Multi-layered client-server neural-net","Romaguera-Crona","","Sincere@april.biz","","","","","","","1"
"","jsonplaceholder-users","2026-03-24T10:05:07.580487500Z","Wisokyburgh","-43.9509","-34.4618","Victor Plains","Suite 879","90566-7771","","","synergize scalable supply-chains","Proactive didactic contingency","Deckow-Crist","","Shanna@melissa.tv","","","","","","","2"
"","jsonplaceholder-users","2026-03-24T10:05:07.580487500Z","McKenziehaven","-68.6102","-47.0653","Douglas Extension","Suite 847","59590-4157","","","e-enable strategic applications","Face to face bifurcated interface","Romaguera-Jacobson","","Nathan@yesenia.net","","","","","","","3"
"","jsonplaceholder-users","2026-03-24T10:05:07.580487500Z","South Elvis","29.4572","-164.299","Hoeger Mall","Apt. 692","53919-4257","","","transition cutting-edge web services","Multi-tiered zero tolerance productivity","Robel-Corkery","","Julianne.OConner@kory.org","","","","","","","4"
"","jsonplaceholder-users","2026-03-24T10:05:07.580487500Z","Roscoeview","-31.8129","62.5342","Skiles Walks","Suite 351","33263","","","revolutionize end-to-end systems","User-centric fault-tolerant solution","Keebler LLC","","Lucio_Hettinger@annie.ca","","","","","","","5"
"","jsonplaceholder-users","2026-03-24T10:05:07.580487500Z","South Christy","-71.4197","71.7478","Norberto Crossing","Apt. 950","23505-1337","","","e-enable innovative applications","Synchronised bottom-line interface","Considine-Lockman","","Karley_Dach@jasper.info","","","","","","","6"
"","jsonplaceholder-users","2026-03-24T10:05:07.580487500Z","Howemouth","24.8918","21.8984","Rex Trail","Suite 280","58804-1099","","","generate enterprise e-tailers","Configurable multimedia task-force","Johns Group","","Telly.Hoeger@billy.biz","","","","","","","7"
"","jsonplaceholder-users","2026-03-24T10:05:07.580487500Z","Aliyaview","-14.399","-120.7677","Ellsworth Summit","Suite 729","45169","","","e-enable extensible e-tailers","Implemented secondary concept","Abernathy Group","","Sherwood@rosamond.me","","","","","","","8"
"","jsonplaceholder-users","2026-03-24T10:05:07.580487500Z","Bartholomebury","24.6463","-168.8889","Dayna Park","Suite 449","76495-3109","","","aggregate real-time technologies","Switchable contextually-based project","Yost and Sons","","Chaim_McDermott@dana.io","","","","","","","9"
"","jsonplaceholder-users","2026-03-24T10:05:07.580487500Z","Lebsackbury","-38.2386","57.2232","Kattie Turnpike","Suite 198","31428-2261","","","target end-to-end models","Centralized empowering task-force","Hoeger LLC","","Rey.Padberg@karina.biz","","","","","","","10"
"","jsonplaceholder-users","2026-03-24T10:05:17.660759700Z","Gwenborough","-37.3159","81.1496","Kulas Light","Apt. 556","92998-3874","","","harness real-time e-markets","Multi-layered client-server neural-net","Romaguera-Crona","","Sincere@april.biz","","","","","","1","Leanne Graham"
"","jsonplaceholder-users","2026-03-24T10:05:17.660759700Z","Wisokyburgh","-43.9509","-34.4618","Victor Plains","Suite 879","90566-7771","","","synergize scalable supply-chains","Proactive didactic contingency","Deckow-Crist","","Shanna@melissa.tv","","","","","","2","Ervin Howell"
"","jsonplaceholder-users","2026-03-24T10:05:17.660759700Z","McKenziehaven","-68.6102","-47.0653","Douglas Extension","Suite 847","59590-4157","","","e-enable strategic applications","Face to face bifurcated interface","Romaguera-Jacobson","","Nathan@yesenia.net","","","","","","3","Clementine Bauch"
"","jsonplaceholder-users","2026-03-24T10:05:17.660759700Z","South Elvis","29.4572","-164.299","Hoeger Mall","Apt. 692","53919-4257","","","transition cutting-edge web services","Multi-tiered zero tolerance productivity","Robel-Corkery","","Julianne.OConner@kory.org","","","","","","4","Patricia Lebsack"
"","jsonplaceholder-users","2026-03-24T10:05:17.660759700Z","Roscoeview","-31.8129","62.5342","Skiles Walks","Suite 351","33263","","","revolutionize end-to-end systems","User-centric fault-tolerant solution","Keebler LLC","","Lucio_Hettinger@annie.ca","","","","","","5","Chelsey Dietrich"
"","jsonplaceholder-users","2026-03-24T10:05:17.660759700Z","South Christy","-71.4197","71.7478","Norberto Crossing","Apt. 950","23505-1337","","","e-enable innovative applications","Synchronised bottom-line interface","Considine-Lockman","","Karley_Dach@jasper.info","","","","","","6","Mrs. Dennis Schulist"
"","jsonplaceholder-users","2026-03-24T10:05:17.660759700Z","Howemouth","24.8918","21.8984","Rex Trail","Suite 280","58804-1099","","","generate enterprise e-tailers","Configurable multimedia task-force","Johns Group","","Telly.Hoeger@billy.biz","","","","","","7","Kurtis Weissnat"
"","jsonplaceholder-users","2026-03-24T10:05:17.660759700Z","Aliyaview","-14.399","-120.7677","Ellsworth Summit","Suite 729","45169","","","e-enable extensible e-tailers","Implemented secondary concept","Abernathy Group","","Sherwood@rosamond.me","","","","","","8","Nicholas Runolfsdottir V"
"","jsonplaceholder-users","2026-03-24T10:05:17.660759700Z","Bartholomebury","24.6463","-168.8889","Dayna Park","Suite 449","76495-3109","","","aggregate real-time technologies","Switchable contextually-based project","Yost and Sons","","Chaim_McDermott@dana.io","","","","","","9","Glenna Reichert"
"","jsonplaceholder-users","2026-03-24T10:05:17.660759700Z","Lebsackbury","-38.2386","57.2232","Kattie Turnpike","Suite 198","31428-2261","","","target end-to-end models","Centralized empowering task-force","Hoeger LLC","","Rey.Padberg@karina.biz","","","","","","10","Clementina DuBuque"
"","jsonplaceholder-users","2026-03-24T10:05:17.724268300Z","Gwenborough","-37.3159","81.1496","Kulas Light","Apt. 556","92998-3874","","","harness real-time e-markets","Multi-layered client-server neural-net","Romaguera-Crona","","Sincere@april.biz","","","","","1","Leanne Graham",""
"","jsonplaceholder-users","2026-03-24T10:05:17.724268300Z","Wisokyburgh","-43.9509","-34.4618","Victor Plains","Suite 879","90566-7771","","","synergize scalable supply-chains","Proactive didactic contingency","Deckow-Crist","","Shanna@melissa.tv","","","","","2","Ervin Howell",""
"","jsonplaceholder-users","2026-03-24T10:05:17.724268300Z","McKenziehaven","-68.6102","-47.0653","Douglas Extension","Suite 847","59590-4157","","","e-enable strategic applications","Face to face bifurcated interface","Romaguera-Jacobson","","Nathan@yesenia.net","","","","","3","Clementine Bauch",""
"","jsonplaceholder-users","2026-03-24T10:05:17.724268300Z","South Elvis","29.4572","-164.299","Hoeger Mall","Apt. 692","53919-4257","","","transition cutting-edge web services","Multi-tiered zero tolerance productivity","Robel-Corkery","","Julianne.OConner@kory.org","","","","","4","Patricia Lebsack",""
"","jsonplaceholder-users","2026-03-24T10:05:17.724268300Z","Roscoeview","-31.8129","62.5342","Skiles Walks","Suite 351","33263","","","revolutionize end-to-end systems","User-centric fault-tolerant solution","Keebler LLC","","Lucio_Hettinger@annie.ca","","","","","5","Chelsey Dietrich",""
"","jsonplaceholder-users","2026-03-24T10:05:17.724268300Z","South Christy","-71.4197","71.7478","Norberto Crossing","Apt. 950","23505-1337","","","e-enable innovative applications","Synchronised bottom-line interface","Considine-Lockman","","Karley_Dach@jasper.info","","","","","6","Mrs. Dennis Schulist",""
"","jsonplaceholder-users","2026-03-24T10:05:17.724268300Z","Howemouth","24.8918","21.8984","Rex Trail","Suite 280","58804-1099","","","generate enterprise e-tailers","Configurable multimedia task-force","Johns Group","","Telly.Hoeger@billy.biz","","","","","7","Kurtis Weissnat",""
"","jsonplaceholder-users","2026-03-24T10:05:17.724268300Z","Aliyaview","-14.399","-120.7677","Ellsworth Summit","Suite 729","45169","","","e-enable extensible e-tailers","Implemented secondary concept","Abernathy Group","","Sherwood@rosamond.me","","","","","8","Nicholas Runolfsdottir V",""
"","jsonplaceholder-users","2026-03-24T10:05:17.724268300Z","Bartholomebury","24.6463","-168.8889","Dayna Park","Suite 449","76495-3109","","","aggregate real-time technologies","Switchable contextually-based project","Yost and Sons","","Chaim_McDermott@dana.io","","","","","9","Glenna Reichert",""
"","jsonplaceholder-users","2026-03-24T10:05:17.724268300Z","Lebsackbury","-38.2386","57.2232","Kattie Turnpike","Suite 198","31428-2261","","","target end-to-end models","Centralized empowering task-force","Hoeger LLC","","Rey.Padberg@karina.biz","","","","","10","Clementina DuBuque",""
"","catfacts-breeds","2026-03-24T10:05:22.949796Z","","","","","","","Abyssinian","Short","","","","Ethiopia","","","","","","","Natural/Standard","Ticked"
"","catfacts-breeds","2026-03-24T10:05:22.949796Z","","","","","","","Aegean","Semi-long","","","","Greece","","","","","","","Natural/Standard","Bi- or tri-colored"
"","catfacts-breeds","2026-03-24T10:05:22.949796Z","","","","","","","American Curl","Short/Long","","","","United States","","","","","","","Mutation","All"
"","catfacts-breeds","2026-03-24T10:05:22.949796Z","","","","","","","American Bobtail","Short/Long","","","","United States","","","","","","","Mutation","All"
"","catfacts-breeds","2026-03-24T10:05:22.949796Z","","","","","","","American Shorthair","Short","","","","United States","","","","","","","Natural","All but colorpoint"
"","catfacts-breeds","2026-03-24T10:05:23.235178200Z","","","","","","","Abyssinian","Short","","","","Ethiopia","","","","","","","Natural/Standard","Ticked"
"","catfacts-breeds","2026-03-24T10:05:23.235178200Z","","","","","","","Aegean","Semi-long","","","","Greece","","","","","","","Natural/Standard","Bi- or tri-colored"
"","catfacts-breeds","2026-03-24T10:05:23.235178200Z","","","","","","","American Curl","Short/Long","","","","United States","","","","","","","Mutation","All"
"","catfacts-breeds","2026-03-24T10:05:23.235178200Z","","","","","","","American Bobtail","Short/Long","","","","United States","","","","","","","Mutation","All"
"","catfacts-breeds","2026-03-24T10:05:23.235178200Z","","","","","","","American Shorthair","Short","","","","United States","","","","","","","Natural","All but colorpoint"
"","catfacts-breeds","2026-03-24T10:05:33.711236Z","","","","","","","Abyssinian","Short","","","","Ethiopia","","","","","","","Natural/Standard","Ticked"
"","catfacts-breeds","2026-03-24T10:05:33.711236Z","","","","","","","Aegean","Semi-long","","","","Greece","","","","","","","Natural/Standard","Bi- or tri-colored"
"","catfacts-breeds","2026-03-24T10:05:33.711236Z","","","","","","","American Curl","Short/Long","","","","United States","","","","","","","Mutation","All"
"","catfacts-breeds","2026-03-24T10:05:33.711236Z","","","","","","","American Bobtail","Short/Long","","","","United States","","","","","","","Mutation","All"
"","catfacts-breeds","2026-03-24T10:05:33.711236Z","","","","","","","American Shorthair","Short","","","","United States","","","","","","","Natural","All but colorpoint"
"","catfacts-breeds","2026-03-24T10:05:34.196731200Z","","","","","","","Abyssinian","Short","","","","Ethiopia","","","","","","","Natural/Standard","Ticked"
"","catfacts-breeds","2026-03-24T10:05:34.196731200Z","","","","","","","Aegean","Semi-long","","","","Greece","","","","","","","Natural/Standard","Bi- or tri-colored"
"","catfacts-breeds","2026-03-24T10:05:34.196731200Z","","","","","","","American Curl","Short/Long","","","","United States","","","","","","","Mutation","All"
"","catfacts-breeds","2026-03-24T10:05:34.196731200Z","","","","","","","American Bobtail","Short/Long","","","","United States","","","","","","","Mutation","All"
"","catfacts-breeds","2026-03-24T10:05:34.196731200Z","","","","","","","American Shorthair","Short","","","","United States","","","","","","","Natural","All but colorpoint"
"","jsonplaceholder-users","2026-03-24T10:05:37.327131600Z","Gwenborough","-37.3159","81.1496","Kulas Light","Apt. 556","92998-3874","","","harness real-time e-markets","Multi-layered client-server neural-net","Romaguera-Crona","","Sincere@april.biz","","","","1","Leanne Graham","",""
"","jsonplaceholder-users","2026-03-24T10:05:37.327131600Z","Wisokyburgh","-43.9509","-34.4618","Victor Plains","Suite 879","90566-7771","","","synergize scalable supply-chains","Proactive didactic contingency","Deckow-Crist","","Shanna@melissa.tv","","","","2","Ervin Howell","",""
"","jsonplaceholder-users","2026-03-24T10:05:37.327131600Z","McKenziehaven","-68.6102","-47.0653","Douglas Extension","Suite 847","59590-4157","","","e-enable strategic applications","Face to face bifurcated interface","Romaguera-Jacobson","","Nathan@yesenia.net","","","","3","Clementine Bauch","",""
"","jsonplaceholder-users","2026-03-24T10:05:37.327131600Z","South Elvis","29.4572","-164.299","Hoeger Mall","Apt. 692","53919-4257","","","transition cutting-edge web services","Multi-tiered zero tolerance productivity","Robel-Corkery","","Julianne.OConner@kory.org","","","","4","Patricia Lebsack","",""
"","jsonplaceholder-users","2026-03-24T10:05:37.327131600Z","Roscoeview","-31.8129","62.5342","Skiles Walks","Suite 351","33263","","","revolutionize end-to-end systems","User-centric fault-tolerant solution","Keebler LLC","","Lucio_Hettinger@annie.ca","","","","5","Chelsey Dietrich","",""
"","jsonplaceholder-users","2026-03-24T10:05:37.327131600Z","South Christy","-71.4197","71.7478","Norberto Crossing","Apt. 950","23505-1337","","","e-enable innovative applications","Synchronised bottom-line interface","Considine-Lockman","","Karley_Dach@jasper.info","","","","6","Mrs. Dennis Schulist","",""
"","jsonplaceholder-users","2026-03-24T10:05:37.327131600Z","Howemouth","24.8918","21.8984","Rex Trail","Suite 280","58804-1099","","","generate enterprise e-tailers","Configurable multimedia task-force","Johns Group","","Telly.Hoeger@billy.biz","","","","7","Kurtis Weissnat","",""
"","jsonplaceholder-users","2026-03-24T10:05:37.327131600Z","Aliyaview","-14.399","-120.7677","Ellsworth Summit","Suite 729","45169","","","e-enable extensible e-tailers","Implemented secondary concept","Abernathy Group","","Sherwood@rosamond.me","","","","8","Nicholas Runolfsdottir V","",""
"","jsonplaceholder-users","2026-03-24T10:05:37.327131600Z","Bartholomebury","24.6463","-168.8889","Dayna Park","Suite 449","76495-3109","","","aggregate real-time technologies","Switchable contextually-based project","Yost and Sons","","Chaim_McDermott@dana.io","","","","9","Glenna Reichert","",""
"","jsonplaceholder-users","2026-03-24T10:05:37.327131600Z","Lebsackbury","-38.2386","57.2232","Kattie Turnpike","Suite 198","31428-2261","","","target end-to-end models","Centralized empowering task-force","Hoeger LLC","","Rey.Padberg@karina.biz","","","","10","Clementina DuBuque","",""
"","jsonplaceholder-users","2026-03-24T10:05:37.504211400Z","Gwenborough","-37.3159","81.1496","Kulas Light","Apt. 556","92998-3874","","","harness real-time e-markets","Multi-layered client-server neural-net","Romaguera-Crona","","Sincere@april.biz","","","1","Leanne Graham","","","1-770-736-8031 x56442"
"","jsonplaceholder-users","2026-03-24T10:05:37.504211400Z","Wisokyburgh","-43.9509","-34.4618","Victor Plains","Suite 879","90566-7771","","","synergize scalable supply-chains","Proactive didactic contingency","Deckow-Crist","","Shanna@melissa.tv","","","2","Ervin Howell","","","010-692-6593 x09125"
"","jsonplaceholder-users","2026-03-24T10:05:37.504211400Z","McKenziehaven","-68.6102","-47.0653","Douglas Extension","Suite 847","59590-4157","","","e-enable strategic applications","Face to face bifurcated interface","Romaguera-Jacobson","","Nathan@yesenia.net","","","3","Clementine Bauch","","","1-463-123-4447"
"","jsonplaceholder-users","2026-03-24T10:05:37.504211400Z","South Elvis","29.4572","-164.299","Hoeger Mall","Apt. 692","53919-4257","","","transition cutting-edge web services","Multi-tiered zero tolerance productivity","Robel-Corkery","","Julianne.OConner@kory.org","","","4","Patricia Lebsack","","","493-170-9623 x156"
"","jsonplaceholder-users","2026-03-24T10:05:37.504211400Z","Roscoeview","-31.8129","62.5342","Skiles Walks","Suite 351","33263","","","revolutionize end-to-end systems","User-centric fault-tolerant solution","Keebler LLC","","Lucio_Hettinger@annie.ca","","","5","Chelsey Dietrich","","","(254)954-1289"
"","jsonplaceholder-users","2026-03-24T10:05:37.504211400Z","South Christy","-71.4197","71.7478","Norberto Crossing","Apt. 950","23505-1337","","","e-enable innovative applications","Synchronised bottom-line interface","Considine-Lockman","","Karley_Dach@jasper.info","","","6","Mrs. Dennis Schulist","","","1-477-935-8478 x6430"
"","jsonplaceholder-users","2026-03-24T10:05:37.504211400Z","Howemouth","24.8918","21.8984","Rex Trail","Suite 280","58804-1099","","","generate enterprise e-tailers","Configurable multimedia task-force","Johns Group","","Telly.Hoeger@billy.biz","","","7","Kurtis Weissnat","","","210.067.6132"
"","jsonplaceholder-users","2026-03-24T10:05:37.504211400Z","Aliyaview","-14.399","-120.7677","Ellsworth Summit","Suite 729","45169","","","e-enable extensible e-tailers","Implemented secondary concept","Abernathy Group","","Sherwood@rosamond.me","","","8","Nicholas Runolfsdottir V","","","586.493.6943 x140"
"","jsonplaceholder-users","2026-03-24T10:05:37.504211400Z","Bartholomebury","24.6463","-168.8889","Dayna Park","Suite 449","76495-3109","","","aggregate real-time technologies","Switchable contextually-based project","Yost and Sons","","Chaim_McDermott@dana.io","","","9","Glenna Reichert","","","(775)976-6794 x41206"
"","jsonplaceholder-users","2026-03-24T10:05:37.504211400Z","Lebsackbury","-38.2386","57.2232","Kattie Turnpike","Suite 198","31428-2261","","","target end-to-end models","Centralized empowering task-force","Hoeger LLC","","Rey.Padberg@karina.biz","","","10","Clementina DuBuque","","","024-648-3804"
"1","jsonplaceholder-users","2026-03-24T10:05:38.372079700Z","Gwenborough","-37.3159","81.1496","Kulas Light","Apt. 556","92998-3874","","","harness real-time e-markets","Multi-layered client-server neural-net","Romaguera-Crona","","Sincere@april.biz","","1","Leanne Graham","","","1-770-736-8031 x56442","Bret"
"2","jsonplaceholder-users","2026-03-24T10:05:38.372079700Z","Wisokyburgh","-43.9509","-34.4618","Victor Plains","Suite 879","90566-7771","","","synergize scalable supply-chains","Proactive didactic contingency","Deckow-Crist","","Shanna@melissa.tv","","2","Ervin Howell","","","010-692-6593 x09125","Antonette"
"3","jsonplaceholder-users","2026-03-24T10:05:38.372079700Z","McKenziehaven","-68.6102","-47.0653","Douglas Extension","Suite 847","59590-4157","","","e-enable strategic applications","Face to face bifurcated interface","Romaguera-Jacobson","","Nathan@yesenia.net","","3","Clementine Bauch","","","1-463-123-4447","Samantha"
"4","jsonplaceholder-users","2026-03-24T10:05:38.372079700Z","South Elvis","29.4572","-164.299","Hoeger Mall","Apt. 692","53919-4257","","","transition cutting-edge web services","Multi-tiered zero tolerance productivity","Robel-Corkery","","Julianne.OConner@kory.org","","4","Patricia Lebsack","","","493-170-9623 x156","Karianne"
"5","jsonplaceholder-users","2026-03-24T10:05:38.372079700Z","Roscoeview","-31.8129","62.5342","Skiles Walks","Suite 351","33263","","","revolutionize end-to-end systems","User-centric fault-tolerant solution","Keebler LLC","","Lucio_Hettinger@annie.ca","","5","Chelsey Dietrich","","","(254)954-1289","Kamren"
"6","jsonplaceholder-users","2026-03-24T10:05:38.372079700Z","South Christy","-71.4197","71.7478","Norberto Crossing","Apt. 950","23505-1337","","","e-enable innovative applications","Synchronised bottom-line interface","Considine-Lockman","","Karley_Dach@jasper.info","","6","Mrs. Dennis Schulist","","","1-477-935-8478 x6430","Leopoldo_Corkery"
"7","jsonplaceholder-users","2026-03-24T10:05:38.372079700Z","Howemouth","24.8918","21.8984","Rex Trail","Suite 280","58804-1099","","","generate enterprise e-tailers","Configurable multimedia task-force","Johns Group","","Telly.Hoeger@billy.biz","","7","Kurtis Weissnat","","","210.067.6132","Elwyn.Skiles"
"8","jsonplaceholder-users","2026-03-24T10:05:38.372079700Z","Aliyaview","-14.399","-120.7677","Ellsworth Summit","Suite 729","45169","","","e-enable extensible e-tailers","Implemented secondary concept","Abernathy Group","","Sherwood@rosamond.me","","8","Nicholas Runolfsdottir V","","","586.493.6943 x140","Maxime_Nienow"
"9","jsonplaceholder-users","2026-03-24T10:05:38.372079700Z","Bartholomebury","24.6463","-168.8889","Dayna Park","Suite 449","76495-3109","","","aggregate real-time technologies","Switchable contextually-based project","Yost and Sons","","Chaim_McDermott@dana.io","","9","Glenna Reichert","","","(775)976-6794 x41206","Delphine"
"10","jsonplaceholder-users","2026-03-24T10:05:38.372079700Z","Lebsackbury","-38.2386","57.2232","Kattie Turnpike","Suite 198","31428-2261","","","target end-to-end models","Centralized empowering task-force","Hoeger LLC","","Rey.Padberg@karina.biz","","10","Clementina DuBuque","","","024-648-3804","Moriah.Stanton"
"e4442c17-ecac-43df-82c8-29966a3e85e9","jsonplaceholder-users","2026-03-24T10:05:48.821756500Z","Gwenborough","-37.3159","81.1496","Kulas Light","Apt. 556","92998-3874","","","harness real-time e-markets","Multi-layered client-server neural-net","Romaguera-Crona","","Sincere@april.biz","1","Leanne Graham","","","1-770-736-8031 x56442","Bret","hildegard.org"
"38d05df9-de7f-4789-ac07-37872c6ce441","jsonplaceholder-users","2026-03-24T10:05:48.821756500Z","Wisokyburgh","-43.9509","-34.4618","Victor Plains","Suite 879","90566-7771","","","synergize scalable supply-chains","Proactive didactic contingency","Deckow-Crist","","Shanna@melissa.tv","2","Ervin Howell","","","010-692-6593 x09125","Antonette","anastasia.net"
"99f24545-4e74-4c12-8559-798e543fa7c4","jsonplaceholder-users","2026-03-24T10:05:48.821756500Z","McKenziehaven","-68.6102","-47.0653","Douglas Extension","Suite 847","59590-4157","","","e-enable strategic applications","Face to face bifurcated interface","Romaguera-Jacobson","","Nathan@yesenia.net","3","Clementine Bauch","","","1-463-123-4447","Samantha","ramiro.info"
"8e41f54f-1bcd-43a8-a44e-b7192ae20f95","jsonplaceholder-users","2026-03-24T10:05:48.821756500Z","South Elvis","29.4572","-164.2990","Hoeger Mall","Apt. 692","53919-4257","","","transition cutting-edge web services","Multi-tiered zero tolerance productivity","Robel-Corkery","","Julianne.OConner@kory.org","4","Patricia Lebsack","","","493-170-9623 x156","Karianne","kale.biz"
"953ec26d-62a5-44b8-98e9-95f38efe4c64","jsonplaceholder-users","2026-03-24T10:05:48.821756500Z","Roscoeview","-31.8129","62.5342","Skiles Walks","Suite 351","33263","","","revolutionize end-to-end systems","User-centric fault-tolerant solution","Keebler LLC","","Lucio_Hettinger@annie.ca","5","Chelsey Dietrich","","","(254)954-1289","Kamren","demarco.info"
"1b69a22f-cbbe-477f-bf50-b828ee9f4fd0","jsonplaceholder-users","2026-03-24T10:05:48.821756500Z","South Christy","-71.4197","71.7478","Norberto Crossing","Apt. 950","23505-1337","","","e-enable innovative applications","Synchronised bottom-line interface","Considine-Lockman","","Karley_Dach@jasper.info","6","Mrs. Dennis Schulist","","","1-477-935-8478 x6430","Leopoldo_Corkery","ola.org"
"dc65709c-8485-4bf1-959b-8184e055aa8d","jsonplaceholder-users","2026-03-24T10:05:48.821756500Z","Howemouth","24.8918","21.8984","Rex Trail","Suite 280","58804-1099","","","generate enterprise e-tailers","Configurable multimedia task-force","Johns Group","","Telly.Hoeger@billy.biz","7","Kurtis Weissnat","","","210.067.6132","Elwyn.Skiles","elvis.io"
"f7dfb924-fde5-4eb3-ac02-aca36a945bec","jsonplaceholder-users","2026-03-24T10:05:48.821756500Z","Aliyaview","-14.3990","-120.7677","Ellsworth Summit","Suite 729","45169","","","e-enable extensible e-tailers","Implemented secondary concept","Abernathy Group","","Sherwood@rosamond.me","8","Nicholas Runolfsdottir V","","","586.493.6943 x140","Maxime_Nienow","jacynthe.com"
"8d6badaf-6fc8-4f08-84b4-c5ae842d7b86","jsonplaceholder-users","2026-03-24T10:05:48.821756500Z","Bartholomebury","24.6463","-168.8889","Dayna Park","Suite 449","76495-3109","","","aggregate real-time technologies","Switchable contextually-based project","Yost and Sons","","Chaim_McDermott@dana.io","9","Glenna Reichert","","","(775)976-6794 x41206","Delphine","conrad.com"
"180a84dd-044f-46a8-88b9-52fc6483cb85","jsonplaceholder-users","2026-03-24T10:05:48.821756500Z","Lebsackbury","-38.2386","57.2232","Kattie Turnpike","Suite 198","31428-2261","","","target end-to-end models","Centralized empowering task-force","Hoeger LLC","","Rey.Padberg@karina.biz","10","Clementina DuBuque","","","024-648-3804","Moriah.Stanton","ambrose.net"
